{"cameraMode":{"drawMode":0,"name":"Shaded","section":"Shading Mode"},"sceneLighting":true,"audioPlay":false,"sceneViewState":{"showFog":true,"showMaterialUpdate":false,"showSkybox":true,"showFlares":true,"showImageEffects":true,"showParticleSystems":true,"showVisualEffectGraphs":true,"m_FxEnabled":true},"in2DMode":false,"pivot":{"x":0.2753171920776367,"y":2.0687763690948488,"z":-0.20620298385620118},"rotation":{"x":0.14771190285682679,"y":-0.6592844724655151,"z":0.13432374596595765,"w":0.7249345183372498},"size":35.39033508300781,"orthographic":true}